
create database if not exists Practise_Question_02;
use Practise_Question_02;


-- Create tables with proper constraints
CREATE TABLE branch (
    branch_name VARCHAR(50) PRIMARY KEY,
    branch_city VARCHAR(50) NOT NULL,
    assets DECIMAL(15,2) NOT NULL
);

CREATE TABLE customer (
    customer_name VARCHAR(50) PRIMARY KEY,
    customer_street VARCHAR(100) NOT NULL,
    customer_city VARCHAR(50) NOT NULL
);

CREATE TABLE loan (
    loan_number VARCHAR(20) PRIMARY KEY,
    branch_name VARCHAR(50) NOT NULL,
    amount DECIMAL(12,2) NOT NULL,
    FOREIGN KEY (branch_name) REFERENCES branch(branch_name)
);

CREATE TABLE borrower (
    customer_name VARCHAR(50) NOT NULL,
    loan_number VARCHAR(20) NOT NULL,
    PRIMARY KEY (customer_name, loan_number),
    FOREIGN KEY (customer_name) REFERENCES customer(customer_name),
    FOREIGN KEY (loan_number) REFERENCES loan(loan_number)
);

CREATE TABLE account (
    account_number VARCHAR(20) PRIMARY KEY,
    branch_name VARCHAR(50) NOT NULL,
    balance DECIMAL(12,2) NOT NULL,
    FOREIGN KEY (branch_name) REFERENCES branch(branch_name)
);

CREATE TABLE depositor (
    customer_name VARCHAR(50) NOT NULL,
    account_number VARCHAR(20) NOT NULL,
    PRIMARY KEY (customer_name, account_number),
    FOREIGN KEY (customer_name) REFERENCES customer(customer_name),
    FOREIGN KEY (account_number) REFERENCES account(account_number)
);

-- Insert 50 branches
INSERT INTO branch (branch_name, branch_city, assets) VALUES
('Main', 'New York', 15000000.00),
('Downtown', 'Chicago', 9800000.00),
('Uptown', 'Los Angeles', 12500000.00),
('Central', 'Houston', 8700000.00),
('Northside', 'Phoenix', 6500000.00),
('Southside', 'Philadelphia', 7200000.00),
('Westside', 'San Antonio', 5800000.00),
('Eastside', 'San Diego', 6900000.00),
('Riverside', 'Dallas', 8300000.00),
('Hillside', 'San Jose', 9100000.00),
('Financial', 'Austin', 10500000.00),
('Metro', 'Jacksonville', 7400000.00),
('Capital', 'Fort Worth', 6800000.00),
('Commerce', 'Columbus', 6200000.00),
('First', 'Charlotte', 7900000.00),
('Liberty', 'San Francisco', 14200000.00),
('Heritage', 'Indianapolis', 5500000.00),
('Summit', 'Seattle', 8800000.00),
('Pioneer', 'Denver', 7600000.00),
('Valley', 'Washington', 9400000.00),
('Sunrise', 'Boston', 8100000.00),
('Sunset', 'El Paso', 5900000.00),
('Oceanview', 'Nashville', 6700000.00),
('Mountain', 'Detroit', 7100000.00),
('Plaza', 'Oklahoma City', 6300000.00),
('Highland', 'Las Vegas', 10200000.00),
('Grove', 'Portland', 7800000.00),
('Crossing', 'Memphis', 6400000.00),
('Gateway', 'Louisville', 7000000.00),
('Union', 'Baltimore', 8500000.00),
('Colonial', 'Milwaukee', 7300000.00),
('Commonwealth', 'Albuquerque', 6600000.00),
('Parkway', 'Tucson', 7500000.00),
('Ridge', 'Fresno', 6000000.00),
('Harbor', 'Sacramento', 8200000.00),
('Fairview', 'Kansas City', 7700000.00),
('Mill', 'Mesa', 6100000.00),
('Brookside', 'Atlanta', 8900000.00),
('Woodland', 'Omaha', 7200000.00),
('Highpoint', 'Colorado Springs', 8000000.00),
('Lakeside', 'Raleigh', 7400000.00),
('Orchard', 'Miami', 9500000.00),
('Cedar', 'Virginia Beach', 7800000.00),
('Elm', 'Oakland', 8600000.00),
('Maple', 'Minneapolis', 9200000.00),
('Pine', 'Tulsa', 6900000.00),
('Oak', 'Arlington', 8300000.00),
('Birch', 'New Orleans', 7500000.00),
('Willow', 'Wichita', 6700000.00),
('Magnolia', 'Cleveland', 7100000.00);

-- Insert 50 customers
INSERT INTO customer (customer_name, customer_street, customer_city) VALUES
('John Smith', '123 Main St', 'New York'),
('Emily Johnson', '456 Oak Ave', 'Chicago'),
('Michael Williams', '789 Pine Rd', 'Los Angeles'),
('Sarah Brown', '321 Elm St', 'Houston'),
('David Jones', '654 Maple Dr', 'Phoenix'),
('Jessica Garcia', '987 Cedar Ln', 'Philadelphia'),
('Robert Miller', '135 Birch Blvd', 'San Antonio'),
('Jennifer Davis', '246 Willow Way', 'San Diego'),
('Thomas Rodriguez', '369 Spruce Ct', 'Dallas'),
('Lisa Martinez', '159 Aspen Pl', 'San Jose'),
('Christopher Wilson', '753 Redwood Cir', 'Austin'),
('Amanda Anderson', '852 Sequoia Ave', 'Jacksonville'),
('Daniel Taylor', '951 Magnolia Dr', 'Fort Worth'),
('Michelle Thomas', '357 Dogwood Rd', 'Columbus'),
('Charles Hernandez', '468 Sycamore Ln', 'Charlotte'),
('Elizabeth Moore', '579 Juniper Blvd', 'San Francisco'),
('Matthew Martin', '681 Hickory Way', 'Indianapolis'),
('Ashley Jackson', '792 Poplar Ct', 'Seattle'),
('Joshua Thompson', '913 Chestnut Pl', 'Denver'),
('Stephanie White', '124 Walnut Cir', 'Washington'),
('Andrew Lopez', '235 Pecan Ave', 'Boston'),
('Nicole Lee', '346 Olive Dr', 'El Paso'),
('Kevin Gonzalez', '457 Palm Rd', 'Nashville'),
('Melissa Harris', '568 Cypress Ln', 'Detroit'),
('Brian Clark', '679 Spruce Blvd', 'Oklahoma City'),
('Rebecca Lewis', '780 Fir Way', 'Las Vegas'),
('Timothy Robinson', '891 Hemlock Ct', 'Portland'),
('Laura Walker', '902 Redbud Pl', 'Memphis'),
('Jeffrey Hall', '113 Sassafras Cir', 'Louisville'),
('Samantha Young', '224 Locust Ave', 'Baltimore'),
('Ryan Allen', '335 Beech Dr', 'Milwaukee'),
('Heather King', '446 Ash Rd', 'Albuquerque'),
('Jason Wright', '557 Linden Ln', 'Tucson'),
('Megan Scott', '668 Alder Blvd', 'Fresno'),
('Eric Green', '779 Basswood Way', 'Sacramento'),
('Rachel Baker', '880 Butternut Ct', 'Kansas City'),
('Justin Adams', '991 Catalpa Pl', 'Mesa'),
('Hannah Nelson', '112 Cherry Cir', 'Atlanta'),
('Nicholas Hill', '223 Ebony Ave', 'Omaha'),
('Amber Ramirez', '334 Fig Dr', 'Colorado Springs'),
('Brandon Campbell', '445 Ginkgo Rd', 'Raleigh'),
('Kayla Mitchell', '556 Hawthorn Ln', 'Miami'),
('Adam Roberts', '667 Ironwood Blvd', 'Virginia Beach'),
('Victoria Carter', '778 Jacaranda Way', 'Oakland'),
('Patrick Phillips', '889 Koa Ct', 'Minneapolis'),
('Christina Evans', '990 Laurel Pl', 'Tulsa'),
('Nathan Turner', '101 Mahogany Cir', 'Arlington'),
('Danielle Parker', '212 Mulberry Ave', 'New Orleans'),
('Samuel Collins', '323 Nutmeg Dr', 'Wichita'),
('Olivia Stewart', '434 Oakwood Rd', 'Cleveland');

-- Insert 50 loans
INSERT INTO loan (loan_number, branch_name, amount) VALUES
('L1001', 'Main', 50000.00),
('L1002', 'Downtown', 25000.00),
('L1003', 'Uptown', 75000.00),
('L1004', 'Central', 30000.00),
('L1005', 'Northside', 40000.00),
('L1006', 'Southside', 60000.00),
('L1007', 'Westside', 35000.00),
('L1008', 'Eastside', 45000.00),
('L1009', 'Riverside', 55000.00),
('L1010', 'Hillside', 65000.00),
('L1011', 'Financial', 80000.00),
('L1012', 'Metro', 20000.00),
('L1013', 'Capital', 30000.00),
('L1014', 'Commerce', 40000.00),
('L1015', 'First', 50000.00),
('L1016', 'Liberty', 90000.00),
('L1017', 'Heritage', 25000.00),
('L1018', 'Summit', 35000.00),
('L1019', 'Pioneer', 45000.00),
('L1020', 'Valley', 55000.00),
('L1021', 'Sunrise', 65000.00),
('L1022', 'Sunset', 30000.00),
('L1023', 'Oceanview', 40000.00),
('L1024', 'Mountain', 50000.00),
('L1025', 'Plaza', 60000.00),
('L1026', 'Highland', 70000.00),
('L1027', 'Grove', 35000.00),
('L1028', 'Crossing', 45000.00),
('L1029', 'Gateway', 55000.00),
('L1030', 'Union', 65000.00),
('L1031', 'Colonial', 30000.00),
('L1032', 'Commonwealth', 40000.00),
('L1033', 'Parkway', 50000.00),
('L1034', 'Ridge', 60000.00),
('L1035', 'Harbor', 35000.00),
('L1036', 'Fairview', 45000.00),
('L1037', 'Mill', 55000.00),
('L1038', 'Brookside', 65000.00),
('L1039', 'Woodland', 30000.00),
('L1040', 'Highpoint', 40000.00),
('L1041', 'Lakeside', 50000.00),
('L1042', 'Orchard', 60000.00),
('L1043', 'Cedar', 35000.00),
('L1044', 'Elm', 45000.00),
('L1045', 'Maple', 55000.00),
('L1046', 'Pine', 65000.00),
('L1047', 'Oak', 30000.00),
('L1048', 'Birch', 40000.00),
('L1049', 'Willow', 50000.00),
('L1050', 'Magnolia', 60000.00);

-- Insert 50 borrowers (connecting customers to loans)
INSERT INTO borrower (customer_name, loan_number) VALUES
('John Smith', 'L1001'),
('Emily Johnson', 'L1002'),
('Michael Williams', 'L1003'),
('Sarah Brown', 'L1004'),
('David Jones', 'L1005'),
('Jessica Garcia', 'L1006'),
('Robert Miller', 'L1007'),
('Jennifer Davis', 'L1008'),
('Thomas Rodriguez', 'L1009'),
('Lisa Martinez', 'L1010'),
('Christopher Wilson', 'L1011'),
('Amanda Anderson', 'L1012'),
('Daniel Taylor', 'L1013'),
('Michelle Thomas', 'L1014'),
('Charles Hernandez', 'L1015'),
('Elizabeth Moore', 'L1016'),
('Matthew Martin', 'L1017'),
('Ashley Jackson', 'L1018'),
('Joshua Thompson', 'L1019'),
('Stephanie White', 'L1020'),
('Andrew Lopez', 'L1021'),
('Nicole Lee', 'L1022'),
('Kevin Gonzalez', 'L1023'),
('Melissa Harris', 'L1024'),
('Brian Clark', 'L1025'),
('Rebecca Lewis', 'L1026'),
('Timothy Robinson', 'L1027'),
('Laura Walker', 'L1028'),
('Jeffrey Hall', 'L1029'),
('Samantha Young', 'L1030'),
('Ryan Allen', 'L1031'),
('Heather King', 'L1032'),
('Jason Wright', 'L1033'),
('Megan Scott', 'L1034'),
('Eric Green', 'L1035'),
('Rachel Baker', 'L1036'),
('Justin Adams', 'L1037'),
('Hannah Nelson', 'L1038'),
('Nicholas Hill', 'L1039'),
('Amber Ramirez', 'L1040'),
('Brandon Campbell', 'L1041'),
('Kayla Mitchell', 'L1042'),
('Adam Roberts', 'L1043'),
('Victoria Carter', 'L1044'),
('Patrick Phillips', 'L1045'),
('Christina Evans', 'L1046'),
('Nathan Turner', 'L1047'),
('Danielle Parker', 'L1048'),
('Samuel Collins', 'L1049'),
('Olivia Stewart', 'L1050');

-- Insert 50 accounts
INSERT INTO account (account_number, branch_name, balance) VALUES
('A2001', 'Main', 1500.00),
('A2002', 'Downtown', 2500.00),
('A2003', 'Uptown', 3500.00),
('A2004', 'Central', 4500.00),
('A2005', 'Northside', 5500.00),
('A2006', 'Southside', 6500.00),
('A2007', 'Westside', 7500.00),
('A2008', 'Eastside', 8500.00),
('A2009', 'Riverside', 9500.00),
('A2010', 'Hillside', 10500.00),
('A2011', 'Financial', 11500.00),
('A2012', 'Metro', 12500.00),
('A2013', 'Capital', 13500.00),
('A2014', 'Commerce', 14500.00),
('A2015', 'First', 15500.00),
('A2016', 'Liberty', 16500.00),
('A2017', 'Heritage', 17500.00),
('A2018', 'Summit', 18500.00),
('A2019', 'Pioneer', 19500.00),
('A2020', 'Valley', 20500.00),
('A2021', 'Sunrise', 21500.00),
('A2022', 'Sunset', 22500.00),
('A2023', 'Oceanview', 23500.00),
('A2024', 'Mountain', 24500.00),
('A2025', 'Plaza', 25500.00),
('A2026', 'Highland', 26500.00),
('A2027', 'Grove', 27500.00),
('A2028', 'Crossing', 28500.00),
('A2029', 'Gateway', 29500.00),
('A2030', 'Union', 30500.00),
('A2031', 'Colonial', 31500.00),
('A2032', 'Commonwealth', 32500.00),
('A2033', 'Parkway', 33500.00),
('A2034', 'Ridge', 34500.00),
('A2035', 'Harbor', 35500.00),
('A2036', 'Fairview', 36500.00),
('A2037', 'Mill', 37500.00),
('A2038', 'Brookside', 38500.00),
('A2039', 'Woodland', 39500.00),
('A2040', 'Highpoint', 40500.00),
('A2041', 'Lakeside', 41500.00),
('A2042', 'Orchard', 42500.00),
('A2043', 'Cedar', 43500.00),
('A2044', 'Elm', 44500.00),
('A2045', 'Maple', 45500.00),
('A2046', 'Pine', 46500.00),
('A2047', 'Oak', 47500.00),
('A2048', 'Birch', 48500.00),
('A2049', 'Willow', 49500.00),
('A2050', 'Magnolia', 50500.00);

-- Insert 50 depositors (connecting customers to accounts)
INSERT INTO depositor (customer_name, account_number) VALUES
('John Smith', 'A2001'),
('Emily Johnson', 'A2002'),
('Michael Williams', 'A2003'),
('Sarah Brown', 'A2004'),
('David Jones', 'A2005'),
('Jessica Garcia', 'A2006'),
('Robert Miller', 'A2007'),
('Jennifer Davis', 'A2008'),
('Thomas Rodriguez', 'A2009'),
('Lisa Martinez', 'A2010'),
('Christopher Wilson', 'A2011'),
('Amanda Anderson', 'A2012'),
('Daniel Taylor', 'A2013'),
('Michelle Thomas', 'A2014'),
('Charles Hernandez', 'A2015'),
('Elizabeth Moore', 'A2016'),
('Matthew Martin', 'A2017'),
('Ashley Jackson', 'A2018'),
('Joshua Thompson', 'A2019'),
('Stephanie White', 'A2020'),
('Andrew Lopez', 'A2021'),
('Nicole Lee', 'A2022'),
('Kevin Gonzalez', 'A2023'),
('Melissa Harris', 'A2024'),
('Brian Clark', 'A2025'),
('Rebecca Lewis', 'A2026'),
('Timothy Robinson', 'A2027'),
('Laura Walker', 'A2028'),
('Jeffrey Hall', 'A2029'),
('Samantha Young', 'A2030'),
('Ryan Allen', 'A2031'),
('Heather King', 'A2032'),
('Jason Wright', 'A2033'),
('Megan Scott', 'A2034'),
('Eric Green', 'A2035'),
('Rachel Baker', 'A2036'),
('Justin Adams', 'A2037'),
('Hannah Nelson', 'A2038'),
('Nicholas Hill', 'A2039'),
('Amber Ramirez', 'A2040'),
('Brandon Campbell', 'A2041'),
('Kayla Mitchell', 'A2042'),
('Adam Roberts', 'A2043'),
('Victoria Carter', 'A2044'),
('Patrick Phillips', 'A2045'),
('Christina Evans', 'A2046'),
('Nathan Turner', 'A2047'),
('Danielle Parker', 'A2048'),
('Samuel Collins', 'A2049'),
('Olivia Stewart', 'A2050');

